Workbook

Sheet Parameters
A1: Deterministic Flow Shop — Base Processing Times (minutes)
A3: Module Type | B3: Area (m²) | C3: Framing | D3: MEP | E3: Finishing | F3: Inspection
A4: Type A | B4: 4.3 | C4: 67 | D4: 178 | E4: 155 | F4: 44
A5: Type B | B5: 7.9 | C5: 225 | D5: 599 | E5: 524 | F5: 150
A6: Type C | B6: 9.9 | C6: 353 | D6: 941 | E6: 823 | F6: 235
A9: Mix per floor: | B9: 8 × Type A, 2 × Type B, 7 × Type C = 17 modules/floor
A10: Project: | B10: 6 floors × 17 = 102 modules
A11: Working day: | B11: 480 minutes (8 hours) — used to convert minutes → days
A12: Stage: | B12: DETERMINISTIC (no variability, no disruptions). CV = 0 at this stage.
A14: orderings tested (each repeated 6 times, once per floor):
A15: Base Line | B15: 8A → 2B → 7C

Sheet Ord1_8A-2B-7C
A1: Ordering 1: 8A-2B-7C (this block order repeated for all 6 floors)
A3: Seq # | B3: Floor | C3: Type | D3: p_Framing | E3: p_MEP | F3: p_Finish | G3: p_Insp | H3: C_Framing | I3: C_MEP | J3: C_Finish | K3: C_Insp
A4: 1 | B4: 1 | C4: Type A | D4: =Parameters!C4 -> 67 | E4: =Parameters!D4 -> 178 | F4: =Parameters!E4 -> 155 | G4: =Parameters!F4 -> 44 | H4: =D4 -> 67 | I4: =H4+E4 -> 245 | J4: =I4+F4 -> 400 | K4: =J4+G4 -> 444 | M4: RESULTS (minutes)
A5: 2 | B5: 1 | C5: Type A | D5: =Parameters!C4 -> 67 | E5: =Parameters!D4 -> 178 | F5: =Parameters!E4 -> 155 | G5: =Parameters!F4 -> 44 | H5: =H4+D5 -> 134 | I5: =MAX(H5,I4)+E5 -> 423 | J5: =MAX(I5,J4)+F5 -> 578 | K5: =MAX(J5,K4)+G5 -> 622 | M5: Makespan (days) | N5: =K105/480 -> 117.45625
A6: 3 | B6: 1 | C6: Type A | D6: =Parameters!C4 -> 67 | E6: =Parameters!D4 -> 178 | F6: =Parameters!E4 -> 155 | G6: =Parameters!F4 -> 44 | H6: =H5+D6 -> 201 | I6: =MAX(H6,I5)+E6 -> 601 | J6: =MAX(I6,J5)+F6 -> 756 | K6: =MAX(J6,K5)+G6 -> 800
A7: 4 | B7: 1 | C7: Type A | D7: =Parameters!C4 -> 67 | E7: =Parameters!D4 -> 178 | F7: =Parameters!E4 -> 155 | G7: =Parameters!F4 -> 44 | H7: =H6+D7 -> 268 | I7: =MAX(H7,I6)+E7 -> 779 | J7: =MAX(I7,J6)+F7 -> 934 | K7: =MAX(J7,K6)+G7 -> 978 | M7: Floor completion (min)
A8: 5 | B8: 1 | C8: Type A | D8: =Parameters!C4 -> 67 | E8: =Parameters!D4 -> 178 | F8: =Parameters!E4 -> 155 | G8: =Parameters!F4 -> 44 | H8: =H7+D8 -> 335 | I8: =MAX(H8,I7)+E8 -> 957 | J8: =MAX(I8,J7)+F8 -> 1112 | K8: =MAX(J8,K7)+G8 -> 1156 | M8: Floor | N8: Minutes | O8: Days
A9: 6 | B9: 1 | C9: Type A | D9: =Parameters!C4 -> 67 | E9: =Parameters!D4 -> 178 | F9: =Parameters!E4 -> 155 | G9: =Parameters!F4 -> 44 | H9: =H8+D9 -> 402 | I9: =MAX(H9,I8)+E9 -> 1135 | J9: =MAX(I9,J8)+F9 -> 1290 | K9: =MAX(J9,K8)+G9 -> 1334 | M9: Floor 1 | N9: =K20 -> 10334 | O9: =K20/480 -> 21.529167
A10: 7 | B10: 1 | C10: Type A | D10: =Parameters!C4 -> 67 | E10: =Parameters!D4 -> 178 | F10: =Parameters!E4 -> 155 | G10: =Parameters!F4 -> 44 | H10: =H9+D10 -> 469 | I10: =MAX(H10,I9)+E10 -> 1313 | J10: =MAX(I10,J9)+F10 -> 1468 | K10: =MAX(J10,K9)+G10 -> 1512 | M10: Floor 2 | N10: =K37 -> 19543 | O10: =K37/480 -> 40.714583
A11: 8 | B11: 1 | C11: Type A | D11: =Parameters!C4 -> 67 | E11: =Parameters!D4 -> 178 | F11: =Parameters!E4 -> 155 | G11: =Parameters!F4 -> 44 | H11: =H10+D11 -> 536 | I11: =MAX(H11,I10)+E11 -> 1491 | J11: =MAX(I11,J10)+F11 -> 1646 | K11: =MAX(J11,K10)+G11 -> 1690 | M11: Floor 3 | N11: =K54 -> 28752 | O11: =K54/480 -> 59.9
A12: 9 | B12: 1 | C12: Type B | D12: =Parameters!C5 -> 225 | E12: =Parameters!D5 -> 599 | F12: =Parameters!E5 -> 524 | G12: =Parameters!F5 -> 150 | H12: =H11+D12 -> 761 | I12: =MAX(H12,I11)+E12 -> 2090 | J12: =MAX(I12,J11)+F12 -> 2614 | K12: =MAX(J12,K11)+G12 -> 2764 | M12: Floor 4 | N12: =K71 -> 37961 | O12: =K71/480 -> 79.085417
A13: 10 | B13: 1 | C13: Type B | D13: =Parameters!C5 -> 225 | E13: =Parameters!D5 -> 599 | F13: =Parameters!E5 -> 524 | G13: =Parameters!F5 -> 150 | H13: =H12+D13 -> 986 | I13: =MAX(H13,I12)+E13 -> 2689 | J13: =MAX(I13,J12)+F13 -> 3213 | K13: =MAX(J13,K12)+G13 -> 3363 | M13: Floor 5 | N13: =K88 -> 47170 | O13: =K88/480 -> 98.270833
A14: 11 | B14: 1 | C14: Type C | D14: =Parameters!C6 -> 353 | E14: =Parameters!D6 -> 941 | F14: =Parameters!E6 -> 823 | G14: =Parameters!F6 -> 235 | H14: =H13+D14 -> 1339 | I14: =MAX(H14,I13)+E14 -> 3630 | J14: =MAX(I14,J13)+F14 -> 4453 | K14: =MAX(J14,K13)+G14 -> 4688 | M14: Floor 6 | N14: =K105 -> 56379 | O14: =K105/480 -> 117.45625
A15: 12 | B15: 1 | C15: Type C | D15: =Parameters!C6 -> 353 | E15: =Parameters!D6 -> 941 | F15: =Parameters!E6 -> 823 | G15: =Parameters!F6 -> 235 | H15: =H14+D15 -> 1692 | I15: =MAX(H15,I14)+E15 -> 4571 | J15: =MAX(I15,J14)+F15 -> 5394 | K15: =MAX(J15,K14)+G15 -> 5629
A16: 13 | B16: 1 | C16: Type C | D16: =Parameters!C6 -> 353 | E16: =Parameters!D6 -> 941 | F16: =Parameters!E6 -> 823 | G16: =Parameters!F6 -> 235 | H16: =H15+D16 -> 2045 | I16: =MAX(H16,I15)+E16 -> 5512 | J16: =MAX(I16,J15)+F16 -> 6335 | K16: =MAX(J16,K15)+G16 -> 6570
A17: 14 | B17: 1 | C17: Type C | D17: =Parameters!C6 -> 353 | E17: =Parameters!D6 -> 941 | F17: =Parameters!E6 -> 823 | G17: =Parameters!F6 -> 235 | H17: =H16+D17 -> 2398 | I17: =MAX(H17,I16)+E17 -> 6453 | J17: =MAX(I17,J16)+F17 -> 7276 | K17: =MAX(J17,K16)+G17 -> 7511
A18: 15 | B18: 1 | C18: Type C | D18: =Parameters!C6 -> 353 | E18: =Parameters!D6 -> 941 | F18: =Parameters!E6 -> 823 | G18: =Parameters!F6 -> 235 | H18: =H17+D18 -> 2751 | I18: =MAX(H18,I17)+E18 -> 7394 | J18: =MAX(I18,J17)+F18 -> 8217 | K18: =MAX(J18,K17)+G18 -> 8452
A19: 16 | B19: 1 | C19: Type C | D19: =Parameters!C6 -> 353 | E19: =Parameters!D6 -> 941 | F19: =Parameters!E6 -> 823 | G19: =Parameters!F6 -> 235 | H19: =H18+D19 -> 3104 | I19: =MAX(H19,I18)+E19 -> 8335 | J19: =MAX(I19,J18)+F19 -> 9158 | K19: =MAX(J19,K18)+G19 -> 9393
A20: 17 | B20: 1 | C20: Type C | D20: =Parameters!C6 -> 353 | E20: =Parameters!D6 -> 941 | F20: =Parameters!E6 -> 823 | G20: =Parameters!F6 -> 235 | H20: =H19+D20 -> 3457 | I20: =MAX(H20,I19)+E20 -> 9276 | J20: =MAX(I20,J19)+F20 -> 10099 | K20: =MAX(J20,K19)+G20 -> 10334
A21: 18 | B21: 2 | C21: Type A | D21: =Parameters!C4 -> 67 | E21: =Parameters!D4 -> 178 | F21: =Parameters!E4 -> 155 | G21: =Parameters!F4 -> 44 | H21: =H20+D21 -> 3524 | I21: =MAX(H21,I20)+E21 -> 9454 | J21: =MAX(I21,J20)+F21 -> 10254 | K21: =MAX(J21,K20)+G21 -> 10378
A22: 19 | B22: 2 | C22: Type A | D22: =Parameters!C4 -> 67 | E22: =Parameters!D4 -> 178 | F22: =Parameters!E4 -> 155 | G22: =Parameters!F4 -> 44 | H22: =H21+D22 -> 3591 | I22: =MAX(H22,I21)+E22 -> 9632 | J22: =MAX(I22,J21)+F22 -> 10409 | K22: =MAX(J22,K21)+G22 -> 10453
A23: 20 | B23: 2 | C23: Type A | D23: =Parameters!C4 -> 67 | E23: =Parameters!D4 -> 178 | F23: =Parameters!E4 -> 155 | G23: =Parameters!F4 -> 44 | H23: =H22+D23 -> 3658 | I23: =MAX(H23,I22)+E23 -> 9810 | J23: =MAX(I23,J22)+F23 -> 10564 | K23: =MAX(J23,K22)+G23 -> 10608
A24: 21 | B24: 2 | C24: Type A | D24: =Parameters!C4 -> 67 | E24: =Parameters!D4 -> 178 | F24: =Parameters!E4 -> 155 | G24: =Parameters!F4 -> 44 | H24: =H23+D24 -> 3725 | I24: =MAX(H24,I23)+E24 -> 9988 | J24: =MAX(I24,J23)+F24 -> 10719 | K24: =MAX(J24,K23)+G24 -> 10763
A25: 22 | B25: 2 | C25: Type A | D25: =Parameters!C4 -> 67 | E25: =Parameters!D4 -> 178 | F25: =Parameters!E4 -> 155 | G25: =Parameters!F4 -> 44 | H25: =H24+D25 -> 3792 | I25: =MAX(H25,I24)+E25 -> 10166 | J25: =MAX(I25,J24)+F25 -> 10874 | K25: =MAX(J25,K24)+G25 -> 10918
A26: 23 | B26: 2 | C26: Type A | D26: =Parameters!C4 -> 67 | E26: =Parameters!D4 -> 178 | F26: =Parameters!E4 -> 155 | G26: =Parameters!F4 -> 44 | H26: =H25+D26 -> 3859 | I26: =MAX(H26,I25)+E26 -> 10344 | J26: =MAX(I26,J25)+F26 -> 11029 | K26: =MAX(J26,K25)+G26 -> 11073
A27: 24 | B27: 2 | C27: Type A | D27: =Parameters!C4 -> 67 | E27: =Parameters!D4 -> 178 | F27: =Parameters!E4 -> 155 | G27: =Parameters!F4 -> 44 | H27: =H26+D27 -> 3926 | I27: =MAX(H27,I26)+E27 -> 10522 | J27: =MAX(I27,J26)+F27 -> 11184 | K27: =MAX(J27,K26)+G27 -> 11228
A28: 25 | B28: 2 | C28: Type A | D28: =Parameters!C4 -> 67 | E28: =Parameters!D4 -> 178 | F28: =Parameters!E4 -> 155 | G28: =Parameters!F4 -> 44 | H28: =H27+D28 -> 3993 | I28: =MAX(H28,I27)+E28 -> 10700 | J28: =MAX(I28,J27)+F28 -> 11339 | K28: =MAX(J28,K27)+G28 -> 11383
A29: 26 | B29: 2 | C29: Type B | D29: =Parameters!C5 -> 225 | E29: =Parameters!D5 -> 599 | F29: =Parameters!E5 -> 524 | G29: =Parameters!F5 -> 150 | H29: =H28+D29 -> 4218 | I29: =MAX(H29,I28)+E29 -> 11299 | J29: =MAX(I29,J28)+F29 -> 11863 | K29: =MAX(J29,K28)+G29 -> 12013
A30: 27 | B30: 2 | C30: Type B | D30: =Parameters!C5 -> 225 | E30: =Parameters!D5 -> 599 | F30: =Parameters!E5 -> 524 | G30: =Parameters!F5 -> 150 | H30: =H29+D30 -> 4443 | I30: =MAX(H30,I29)+E30 -> 11898 | J30: =MAX(I30,J29)+F30 -> 12422 | K30: =MAX(J30,K29)+G30 -> 12572
A31: 28 | B31: 2 | C31: Type C | D31: =Parameters!C6 -> 353 | E31: =Parameters!D6 -> 941 | F31: =Parameters!E6 -> 823 | G31: =Parameters!F6 -> 235 | H31: =H30+D31 -> 4796 | I31: =MAX(H31,I30)+E31 -> 12839 | J31: =MAX(I31,J30)+F31 -> 13662 | K31: =MAX(J31,K30)+G31 -> 13897
A32: 29 | B32: 2 | C32: Type C | D32: =Parameters!C6 -> 353 | E32: =Parameters!D6 -> 941 | F32: =Parameters!E6 -> 823 | G32: =Parameters!F6 -> 235 | H32: =H31+D32 -> 5149 | I32: =MAX(H32,I31)+E32 -> 13780 | J32: =MAX(I32,J31)+F32 -> 14603 | K32: =MAX(J32,K31)+G32 -> 14838
A33: 30 | B33: 2 | C33: Type C | D33: =Parameters!C6 -> 353 | E33: =Parameters!D6 -> 941 | F33: =Parameters!E6 -> 823 | G33: =Parameters!F6 -> 235 | H33: =H32+D33 -> 5502 | I33: =MAX(H33,I32)+E33 -> 14721 | J33: =MAX(I33,J32)+F33 -> 15544 | K33: =MAX(J33,K32)+G33 -> 15779
A34: 31 | B34: 2 | C34: Type C | D34: =Parameters!C6 -> 353 | E34: =Parameters!D6 -> 941 | F34: =Parameters!E6 -> 823 | G34: =Parameters!F6 -> 235 | H34: =H33+D34 -> 5855 | I34: =MAX(H34,I33)+E34 -> 15662 | J34: =MAX(I34,J33)+F34 -> 16485 | K34: =MAX(J34,K33)+G34 -> 16720
A35: 32 | B35: 2 | C35: Type C | D35: =Parameters!C6 -> 353 | E35: =Parameters!D6 -> 941 | F35: =Parameters!E6 -> 823 | G35: =Parameters!F6 -> 235 | H35: =H34+D35 -> 6208 | I35: =MAX(H35,I34)+E35 -> 16603 | J35: =MAX(I35,J34)+F35 -> 17426 | K35: =MAX(J35,K34)+G35 -> 17661
A36: 33 | B36: 2 | C36: Type C | D36: =Parameters!C6 -> 353 | E36: =Parameters!D6 -> 941 | F36: =Parameters!E6 -> 823 | G36: =Parameters!F6 -> 235 | H36: =H35+D36 -> 6561 | I36: =MAX(H36,I35)+E36 -> 17544 | J36: =MAX(I36,J35)+F36 -> 18367 | K36: =MAX(J36,K35)+G36 -> 18602
A37: 34 | B37: 2 | C37: Type C | D37: =Parameters!C6 -> 353 | E37: =Parameters!D6 -> 941 | F37: =Parameters!E6 -> 823 | G37: =Parameters!F6 -> 235 | H37: =H36+D37 -> 6914 | I37: =MAX(H37,I36)+E37 -> 18485 | J37: =MAX(I37,J36)+F37 -> 19308 | K37: =MAX(J37,K36)+G37 -> 19543
A38: 35 | B38: 3 | C38: Type A | D38: =Parameters!C4 -> 67 | E38: =Parameters!D4 -> 178 | F38: =Parameters!E4 -> 155 | G38: =Parameters!F4 -> 44 | H38: =H37+D38 -> 6981 | I38: =MAX(H38,I37)+E38 -> 18663 | J38: =MAX(I38,J37)+F38 -> 19463 | K38: =MAX(J38,K37)+G38 -> 19587
A39: 36 | B39: 3 | C39: Type A | D39: =Parameters!C4 -> 67 | E39: =Parameters!D4 -> 178 | F39: =Parameters!E4 -> 155 | G39: =Parameters!F4 -> 44 | H39: =H38+D39 -> 7048 | I39: =MAX(H39,I38)+E39 -> 18841 | J39: =MAX(I39,J38)+F39 -> 19618 | K39: =MAX(J39,K38)+G39 -> 19662
A40: 37 | B40: 3 | C40: Type A | D40: =Parameters!C4 -> 67 | E40: =Parameters!D4 -> 178 | F40: =Parameters!E4 -> 155 | G40: =Parameters!F4 -> 44 | H40: =H39+D40 -> 7115 | I40: =MAX(H40,I39)+E40 -> 19019 | J40: =MAX(I40,J39)+F40 -> 19773 | K40: =MAX(J40,K39)+G40 -> 19817
A41: 38 | B41: 3 | C41: Type A | D41: =Parameters!C4 -> 67 | E41: =Parameters!D4 -> 178 | F41: =Parameters!E4 -> 155 | G41: =Parameters!F4 -> 44 | H41: =H40+D41 -> 7182 | I41: =MAX(H41,I40)+E41 -> 19197 | J41: =MAX(I41,J40)+F41 -> 19928 | K41: =MAX(J41,K40)+G41 -> 19972
A42: 39 | B42: 3 | C42: Type A | D42: =Parameters!C4 -> 67 | E42: =Parameters!D4 -> 178 | F42: =Parameters!E4 -> 155 | G42: =Parameters!F4 -> 44 | H42: =H41+D42 -> 7249 | I42: =MAX(H42,I41)+E42 -> 19375 | J42: =MAX(I42,J41)+F42 -> 20083 | K42: =MAX(J42,K41)+G42 -> 20127
A43: 40 | B43: 3 | C43: Type A | D43: =Parameters!C4 -> 67 | E43: =Parameters!D4 -> 178 | F43: =Parameters!E4 -> 155 | G43: =Parameters!F4 -> 44 | H43: =H42+D43 -> 7316 | I43: =MAX(H43,I42)+E43 -> 19553 | J43: =MAX(I43,J42)+F43 -> 20238 | K43: =MAX(J43,K42)+G43 -> 20282
A44: 41 | B44: 3 | C44: Type A | D44: =Parameters!C4 -> 67 | E44: =Parameters!D4 -> 178 | F44: =Parameters!E4 -> 155 | G44: =Parameters!F4 -> 44 | H44: =H43+D44 -> 7383 | I44: =MAX(H44,I43)+E44 -> 19731 | J44: =MAX(I44,J43)+F44 -> 20393 | K44: =MAX(J44,K43)+G44 -> 20437
A45: 42 | B45: 3 | C45: Type A | D45: =Parameters!C4 -> 67 | E45: =Parameters!D4 -> 178 | F45: =Parameters!E4 -> 155 | G45: =Parameters!F4 -> 44 | H45: =H44+D45 -> 7450 | I45: =MAX(H45,I44)+E45 -> 19909 | J45: =MAX(I45,J44)+F45 -> 20548 | K45: =MAX(J45,K44)+G45 -> 20592
A46: 43 | B46: 3 | C46: Type B | D46: =Parameters!C5 -> 225 | E46: =Parameters!D5 -> 599 | F46: =Parameters!E5 -> 524 | G46: =Parameters!F5 -> 150 | H46: =H45+D46 -> 7675 | I46: =MAX(H46,I45)+E46 -> 20508 | J46: =MAX(I46,J45)+F46 -> 21072 | K46: =MAX(J46,K45)+G46 -> 21222
A47: 44 | B47: 3 | C47: Type B | D47: =Parameters!C5 -> 225 | E47: =Parameters!D5 -> 599 | F47: =Parameters!E5 -> 524 | G47: =Parameters!F5 -> 150 | H47: =H46+D47 -> 7900 | I47: =MAX(H47,I46)+E47 -> 21107 | J47: =MAX(I47,J46)+F47 -> 21631 | K47: =MAX(J47,K46)+G47 -> 21781
A48: 45 | B48: 3 | C48: Type C | D48: =Parameters!C6 -> 353 | E48: =Parameters!D6 -> 941 | F48: =Parameters!E6 -> 823 | G48: =Parameters!F6 -> 235 | H48: =H47+D48 -> 8253 | I48: =MAX(H48,I47)+E48 -> 22048 | J48: =MAX(I48,J47)+F48 -> 22871 | K48: =MAX(J48,K47)+G48 -> 23106
A49: 46 | B49: 3 | C49: Type C | D49: =Parameters!C6 -> 353 | E49: =Parameters!D6 -> 941 | F49: =Parameters!E6 -> 823 | G49: =Parameters!F6 -> 235 | H49: =H48+D49 -> 8606 | I49: =MAX(H49,I48)+E49 -> 22989 | J49: =MAX(I49,J48)+F49 -> 23812 | K49: =MAX(J49,K48)+G49 -> 24047
A50: 47 | B50: 3 | C50: Type C | D50: =Parameters!C6 -> 353 | E50: =Parameters!D6 -> 941 | F50: =Parameters!E6 -> 823 | G50: =Parameters!F6 -> 235 | H50: =H49+D50 -> 8959 | I50: =MAX(H50,I49)+E50 -> 23930 | J50: =MAX(I50,J49)+F50 -> 24753 | K50: =MAX(J50,K49)+G50 -> 24988
A51: 48 | B51: 3 | C51: Type C | D51: =Parameters!C6 -> 353 | E51: =Parameters!D6 -> 941 | F51: =Parameters!E6 -> 823 | G51: =Parameters!F6 -> 235 | H51: =H50+D51 -> 9312 | I51: =MAX(H51,I50)+E51 -> 24871 | J51: =MAX(I51,J50)+F51 -> 25694 | K51: =MAX(J51,K50)+G51 -> 25929
A52: 49 | B52: 3 | C52: Type C | D52: =Parameters!C6 -> 353 | E52: =Parameters!D6 -> 941 | F52: =Parameters!E6 -> 823 | G52: =Parameters!F6 -> 235 | H52: =H51+D52 -> 9665 | I52: =MAX(H52,I51)+E52 -> 25812 | J52: =MAX(I52,J51)+F52 -> 26635 | K52: =MAX(J52,K51)+G52 -> 26870
A53: 50 | B53: 3 | C53: Type C | D53: =Parameters!C6 -> 353 | E53: =Parameters!D6 -> 941 | F53: =Parameters!E6 -> 823 | G53: =Parameters!F6 -> 235 | H53: =H52+D53 -> 10018 | I53: =MAX(H53,I52)+E53 -> 26753 | J53: =MAX(I53,J52)+F53 -> 27576 | K53: =MAX(J53,K52)+G53 -> 27811
A54: 51 | B54: 3 | C54: Type C | D54: =Parameters!C6 -> 353 | E54: =Parameters!D6 -> 941 | F54: =Parameters!E6 -> 823 | G54: =Parameters!F6 -> 235 | H54: =H53+D54 -> 10371 | I54: =MAX(H54,I53)+E54 -> 27694 | J54: =MAX(I54,J53)+F54 -> 28517 | K54: =MAX(J54,K53)+G54 -> 28752
A55: 52 | B55: 4 | C55: Type A | D55: =Parameters!C4 -> 67 | E55: =Parameters!D4 -> 178 | F55: =Parameters!E4 -> 155 | G55: =Parameters!F4 -> 44 | H55: =H54+D55 -> 10438 | I55: =MAX(H55,I54)+E55 -> 27872 | J55: =MAX(I55,J54)+F55 -> 28672 | K55: =MAX(J55,K54)+G55 -> 28796
A56: 53 | B56: 4 | C56: Type A | D56: =Parameters!C4 -> 67 | E56: =Parameters!D4 -> 178 | F56: =Parameters!E4 -> 155 | G56: =Parameters!F4 -> 44 | H56: =H55+D56 -> 10505 | I56: =MAX(H56,I55)+E56 -> 28050 | J56: =MAX(I56,J55)+F56 -> 28827 | K56: =MAX(J56,K55)+G56 -> 28871
A57: 54 | B57: 4 | C57: Type A | D57: =Parameters!C4 -> 67 | E57: =Parameters!D4 -> 178 | F57: =Parameters!E4 -> 155 | G57: =Parameters!F4 -> 44 | H57: =H56+D57 -> 10572 | I57: =MAX(H57,I56)+E57 -> 28228 | J57: =MAX(I57,J56)+F57 -> 28982 | K57: =MAX(J57,K56)+G57 -> 29026
A58: 55 | B58: 4 | C58: Type A | D58: =Parameters!C4 -> 67 | E58: =Parameters!D4 -> 178 | F58: =Parameters!E4 -> 155 | G58: =Parameters!F4 -> 44 | H58: =H57+D58 -> 10639 | I58: =MAX(H58,I57)+E58 -> 28406 | J58: =MAX(I58,J57)+F58 -> 29137 | K58: =MAX(J58,K57)+G58 -> 29181
A59: 56 | B59: 4 | C59: Type A | D59: =Parameters!C4 -> 67 | E59: =Parameters!D4 -> 178 | F59: =Parameters!E4 -> 155 | G59: =Parameters!F4 -> 44 | H59: =H58+D59 -> 10706 | I59: =MAX(H59,I58)+E59 -> 28584 | J59: =MAX(I59,J58)+F59 -> 29292 | K59: =MAX(J59,K58)+G59 -> 29336
A60: 57 | B60: 4 | C60: Type A | D60: =Parameters!C4 -> 67 | E60: =Parameters!D4 -> 178 | F60: =Parameters!E4 -> 155 | G60: =Parameters!F4 -> 44 | H60: =H59+D60 -> 10773 | I60: =MAX(H60,I59)+E60 -> 28762 | J60: =MAX(I60,J59)+F60 -> 29447 | K60: =MAX(J60,K59)+G60 -> 29491
A61: 58 | B61: 4 | C61: Type A | D61: =Parameters!C4 -> 67 | E61: =Parameters!D4 -> 178 | F61: =Parameters!E4 -> 155 | G61: =Parameters!F4 -> 44 | H61: =H60+D61 -> 10840 | I61: =MAX(H61,I60)+E61 -> 28940 | J61: =MAX(I61,J60)+F61 -> 29602 | K61: =MAX(J61,K60)+G61 -> 29646
A62: 59 | B62: 4 | C62: Type A | D62: =Parameters!C4 -> 67 | E62: =Parameters!D4 -> 178 | F62: =Parameters!E4 -> 155 | G62: =Parameters!F4 -> 44 | H62: =H61+D62 -> 10907 | I62: =MAX(H62,I61)+E62 -> 29118 | J62: =MAX(I62,J61)+F62 -> 29757 | K62: =MAX(J62,K61)+G62 -> 29801
A63: 60 | B63: 4 | C63: Type B | D63: =Parameters!C5 -> 225 | E63: =Parameters!D5 -> 599 | F63: =Parameters!E5 -> 524 | G63: =Parameters!F5 -> 150 | H63: =H62+D63 -> 11132 | I63: =MAX(H63,I62)+E63 -> 29717 | J63: =MAX(I63,J62)+F63 -> 30281 | K63: =MAX(J63,K62)+G63 -> 30431
A64: 61 | B64: 4 | C64: Type B | D64: =Parameters!C5 -> 225 | E64: =Parameters!D5 -> 599 | F64: =Parameters!E5 -> 524 | G64: =Parameters!F5 -> 150 | H64: =H63+D64 -> 11357 | I64: =MAX(H64,I63)+E64 -> 30316 | J64: =MAX(I64,J63)+F64 -> 30840 | K64: =MAX(J64,K63)+G64 -> 30990
A65: 62 | B65: 4 | C65: Type C | D65: =Parameters!C6 -> 353 | E65: =Parameters!D6 -> 941 | F65: =Parameters!E6 -> 823 | G65: =Parameters!F6 -> 235 | H65: =H64+D65 -> 11710 | I65: =MAX(H65,I64)+E65 -> 31257 | J65: =MAX(I65,J64)+F65 -> 32080 | K65: =MAX(J65,K64)+G65 -> 32315
A66: 63 | B66: 4 | C66: Type C | D66: =Parameters!C6 -> 353 | E66: =Parameters!D6 -> 941 | F66: =Parameters!E6 -> 823 | G66: =Parameters!F6 -> 235 | H66: =H65+D66 -> 12063 | I66: =MAX(H66,I65)+E66 -> 32198 | J66: =MAX(I66,J65)+F66 -> 33021 | K66: =MAX(J66,K65)+G66 -> 33256
A67: 64 | B67: 4 | C67: Type C | D67: =Parameters!C6 -> 353 | E67: =Parameters!D6 -> 941 | F67: =Parameters!E6 -> 823 | G67: =Parameters!F6 -> 235 | H67: =H66+D67 -> 12416 | I67: =MAX(H67,I66)+E67 -> 33139 | J67: =MAX(I67,J66)+F67 -> 33962 | K67: =MAX(J67,K66)+G67 -> 34197
A68: 65 | B68: 4 | C68: Type C | D68: =Parameters!C6 -> 353 | E68: =Parameters!D6 -> 941 | F68: =Parameters!E6 -> 823 | G68: =Parameters!F6 -> 235 | H68: =H67+D68 -> 12769 | I68: =MAX(H68,I67)+E68 -> 34080 | J68: =MAX(I68,J67)+F68 -> 34903 | K68: =MAX(J68,K67)+G68 -> 35138
A69: 66 | B69: 4 | C69: Type C | D69: =Parameters!C6 -> 353 | E69: =Parameters!D6 -> 941 | F69: =Parameters!E6 -> 823 | G69: =Parameters!F6 -> 235 | H69: =H68+D69 -> 13122 | I69: =MAX(H69,I68)+E69 -> 35021 | J69: =MAX(I69,J68)+F69 -> 35844 | K69: =MAX(J69,K68)+G69 -> 36079
A70: 67 | B70: 4 | C70: Type C | D70: =Parameters!C6 -> 353 | E70: =Parameters!D6 -> 941 | F70: =Parameters!E6 -> 823 | G70: =Parameters!F6 -> 235 | H70: =H69+D70 -> 13475 | I70: =MAX(H70,I69)+E70 -> 35962 | J70: =MAX(I70,J69)+F70 -> 36785 | K70: =MAX(J70,K69)+G70 -> 37020
A71: 68 | B71: 4 | C71: Type C | D71: =Parameters!C6 -> 353 | E71: =Parameters!D6 -> 941 | F71: =Parameters!E6 -> 823 | G71: =Parameters!F6 -> 235 | H71: =H70+D71 -> 13828 | I71: =MAX(H71,I70)+E71 -> 36903 | J71: =MAX(I71,J70)+F71 -> 37726 | K71: =MAX(J71,K70)+G71 -> 37961
A72: 69 | B72: 5 | C72: Type A | D72: =Parameters!C4 -> 67 | E72: =Parameters!D4 -> 178 | F72: =Parameters!E4 -> 155 | G72: =Parameters!F4 -> 44 | H72: =H71+D72 -> 13895 | I72: =MAX(H72,I71)+E72 -> 37081 | J72: =MAX(I72,J71)+F72 -> 37881 | K72: =MAX(J72,K71)+G72 -> 38005
A73: 70 | B73: 5 | C73: Type A | D73: =Parameters!C4 -> 67 | E73: =Parameters!D4 -> 178 | F73: =Parameters!E4 -> 155 | G73: =Parameters!F4 -> 44 | H73: =H72+D73 -> 13962 | I73: =MAX(H73,I72)+E73 -> 37259 | J73: =MAX(I73,J72)+F73 -> 38036 | K73: =MAX(J73,K72)+G73 -> 38080
A74: 71 | B74: 5 | C74: Type A | D74: =Parameters!C4 -> 67 | E74: =Parameters!D4 -> 178 | F74: =Parameters!E4 -> 155 | G74: =Parameters!F4 -> 44 | H74: =H73+D74 -> 14029 | I74: =MAX(H74,I73)+E74 -> 37437 | J74: =MAX(I74,J73)+F74 -> 38191 | K74: =MAX(J74,K73)+G74 -> 38235
A75: 72 | B75: 5 | C75: Type A | D75: =Parameters!C4 -> 67 | E75: =Parameters!D4 -> 178 | F75: =Parameters!E4 -> 155 | G75: =Parameters!F4 -> 44 | H75: =H74+D75 -> 14096 | I75: =MAX(H75,I74)+E75 -> 37615 | J75: =MAX(I75,J74)+F75 -> 38346 | K75: =MAX(J75,K74)+G75 -> 38390
A76: 73 | B76: 5 | C76: Type A | D76: =Parameters!C4 -> 67 | E76: =Parameters!D4 -> 178 | F76: =Parameters!E4 -> 155 | G76: =Parameters!F4 -> 44 | H76: =H75+D76 -> 14163 | I76: =MAX(H76,I75)+E76 -> 37793 | J76: =MAX(I76,J75)+F76 -> 38501 | K76: =MAX(J76,K75)+G76 -> 38545
A77: 74 | B77: 5 | C77: Type A | D77: =Parameters!C4 -> 67 | E77: =Parameters!D4 -> 178 | F77: =Parameters!E4 -> 155 | G77: =Parameters!F4 -> 44 | H77: =H76+D77 -> 14230 | I77: =MAX(H77,I76)+E77 -> 37971 | J77: =MAX(I77,J76)+F77 -> 38656 | K77: =MAX(J77,K76)+G77 -> 38700
A78: 75 | B78: 5 | C78: Type A | D78: =Parameters!C4 -> 67 | E78: =Parameters!D4 -> 178 | F78: =Parameters!E4 -> 155 | G78: =Parameters!F4 -> 44 | H78: =H77+D78 -> 14297 | I78: =MAX(H78,I77)+E78 -> 38149 | J78: =MAX(I78,J77)+F78 -> 38811 | K78: =MAX(J78,K77)+G78 -> 38855
A79: 76 | B79: 5 | C79: Type A | D79: =Parameters!C4 -> 67 | E79: =Parameters!D4 -> 178 | F79: =Parameters!E4 -> 155 | G79: =Parameters!F4 -> 44 | H79: =H78+D79 -> 14364 | I79: =MAX(H79,I78)+E79 -> 38327 | J79: =MAX(I79,J78)+F79 -> 38966 | K79: =MAX(J79,K78)+G79 -> 39010
A80: 77 | B80: 5 | C80: Type B | D80: =Parameters!C5 -> 225 | E80: =Parameters!D5 -> 599 | F80: =Parameters!E5 -> 524 | G80: =Parameters!F5 -> 150 | H80: =H79+D80 -> 14589 | I80: =MAX(H80,I79)+E80 -> 38926 | J80: =MAX(I80,J79)+F80 -> 39490 | K80: =MAX(J80,K79)+G80 -> 39640
A81: 78 | B81: 5 | C81: Type B | D81: =Parameters!C5 -> 225 | E81: =Parameters!D5 -> 599 | F81: =Parameters!E5 -> 524 | G81: =Parameters!F5 -> 150 | H81: =H80+D81 -> 14814 | I81: =MAX(H81,I80)+E81 -> 39525 | J81: =MAX(I81,J80)+F81 -> 40049 | K81: =MAX(J81,K80)+G81 -> 40199
A82: 79 | B82: 5 | C82: Type C | D82: =Parameters!C6 -> 353 | E82: =Parameters!D6 -> 941 | F82: =Parameters!E6 -> 823 | G82: =Parameters!F6 -> 235 | H82: =H81+D82 -> 15167 | I82: =MAX(H82,I81)+E82 -> 40466 | J82: =MAX(I82,J81)+F82 -> 41289 | K82: =MAX(J82,K81)+G82 -> 41524
A83: 80 | B83: 5 | C83: Type C | D83: =Parameters!C6 -> 353 | E83: =Parameters!D6 -> 941 | F83: =Parameters!E6 -> 823 | G83: =Parameters!F6 -> 235 | H83: =H82+D83 -> 15520 | I83: =MAX(H83,I82)+E83 -> 41407 | J83: =MAX(I83,J82)+F83 -> 42230 | K83: =MAX(J83,K82)+G83 -> 42465
A84: 81 | B84: 5 | C84: Type C | D84: =Parameters!C6 -> 353 | E84: =Parameters!D6 -> 941 | F84: =Parameters!E6 -> 823 | G84: =Parameters!F6 -> 235 | H84: =H83+D84 -> 15873 | I84: =MAX(H84,I83)+E84 -> 42348 | J84: =MAX(I84,J83)+F84 -> 43171 | K84: =MAX(J84,K83)+G84 -> 43406
A85: 82 | B85: 5 | C85: Type C | D85: =Parameters!C6 -> 353 | E85: =Parameters!D6 -> 941 | F85: =Parameters!E6 -> 823 | G85: =Parameters!F6 -> 235 | H85: =H84+D85 -> 16226 | I85: =MAX(H85,I84)+E85 -> 43289 | J85: =MAX(I85,J84)+F85 -> 44112 | K85: =MAX(J85,K84)+G85 -> 44347
A86: 83 | B86: 5 | C86: Type C | D86: =Parameters!C6 -> 353 | E86: =Parameters!D6 -> 941 | F86: =Parameters!E6 -> 823 | G86: =Parameters!F6 -> 235 | H86: =H85+D86 -> 16579 | I86: =MAX(H86,I85)+E86 -> 44230 | J86: =MAX(I86,J85)+F86 -> 45053 | K86: =MAX(J86,K85)+G86 -> 45288
A87: 84 | B87: 5 | C87: Type C | D87: =Parameters!C6 -> 353 | E87: =Parameters!D6 -> 941 | F87: =Parameters!E6 -> 823 | G87: =Parameters!F6 -> 235 | H87: =H86+D87 -> 16932 | I87: =MAX(H87,I86)+E87 -> 45171 | J87: =MAX(I87,J86)+F87 -> 45994 | K87: =MAX(J87,K86)+G87 -> 46229
A88: 85 | B88: 5 | C88: Type C | D88: =Parameters!C6 -> 353 | E88: =Parameters!D6 -> 941 | F88: =Parameters!E6 -> 823 | G88: =Parameters!F6 -> 235 | H88: =H87+D88 -> 17285 | I88: =MAX(H88,I87)+E88 -> 46112 | J88: =MAX(I88,J87)+F88 -> 46935 | K88: =MAX(J88,K87)+G88 -> 47170
A89: 86 | B89: 6 | C89: Type A | D89: =Parameters!C4 -> 67 | E89: =Parameters!D4 -> 178 | F89: =Parameters!E4 -> 155 | G89: =Parameters!F4 -> 44 | H89: =H88+D89 -> 17352 | I89: =MAX(H89,I88)+E89 -> 46290 | J89: =MAX(I89,J88)+F89 -> 47090 | K89: =MAX(J89,K88)+G89 -> 47214
A90: 87 | B90: 6 | C90: Type A | D90: =Parameters!C4 -> 67 | E90: =Parameters!D4 -> 178 | F90: =Parameters!E4 -> 155 | G90: =Parameters!F4 -> 44 | H90: =H89+D90 -> 17419 | I90: =MAX(H90,I89)+E90 -> 46468 | J90: =MAX(I90,J89)+F90 -> 47245 | K90: =MAX(J90,K89)+G90 -> 47289
A91: 88 | B91: 6 | C91: Type A | D91: =Parameters!C4 -> 67 | E91: =Parameters!D4 -> 178 | F91: =Parameters!E4 -> 155 | G91: =Parameters!F4 -> 44 | H91: =H90+D91 -> 17486 | I91: =MAX(H91,I90)+E91 -> 46646 | J91: =MAX(I91,J90)+F91 -> 47400 | K91: =MAX(J91,K90)+G91 -> 47444
A92: 89 | B92: 6 | C92: Type A | D92: =Parameters!C4 -> 67 | E92: =Parameters!D4 -> 178 | F92: =Parameters!E4 -> 155 | G92: =Parameters!F4 -> 44 | H92: =H91+D92 -> 17553 | I92: =MAX(H92,I91)+E92 -> 46824 | J92: =MAX(I92,J91)+F92 -> 47555 | K92: =MAX(J92,K91)+G92 -> 47599
A93: 90 | B93: 6 | C93: Type A | D93: =Parameters!C4 -> 67 | E93: =Parameters!D4 -> 178 | F93: =Parameters!E4 -> 155 | G93: =Parameters!F4 -> 44 | H93: =H92+D93 -> 17620 | I93: =MAX(H93,I92)+E93 -> 47002 | J93: =MAX(I93,J92)+F93 -> 47710 | K93: =MAX(J93,K92)+G93 -> 47754
A94: 91 | B94: 6 | C94: Type A | D94: =Parameters!C4 -> 67 | E94: =Parameters!D4 -> 178 | F94: =Parameters!E4 -> 155 | G94: =Parameters!F4 -> 44 | H94: =H93+D94 -> 17687 | I94: =MAX(H94,I93)+E94 -> 47180 | J94: =MAX(I94,J93)+F94 -> 47865 | K94: =MAX(J94,K93)+G94 -> 47909
A95: 92 | B95: 6 | C95: Type A | D95: =Parameters!C4 -> 67 | E95: =Parameters!D4 -> 178 | F95: =Parameters!E4 -> 155 | G95: =Parameters!F4 -> 44 | H95: =H94+D95 -> 17754 | I95: =MAX(H95,I94)+E95 -> 47358 | J95: =MAX(I95,J94)+F95 -> 48020 | K95: =MAX(J95,K94)+G95 -> 48064
A96: 93 | B96: 6 | C96: Type A | D96: =Parameters!C4 -> 67 | E96: =Parameters!D4 -> 178 | F96: =Parameters!E4 -> 155 | G96: =Parameters!F4 -> 44 | H96: =H95+D96 -> 17821 | I96: =MAX(H96,I95)+E96 -> 47536 | J96: =MAX(I96,J95)+F96 -> 48175 | K96: =MAX(J96,K95)+G96 -> 48219
A97: 94 | B97: 6 | C97: Type B | D97: =Parameters!C5 -> 225 | E97: =Parameters!D5 -> 599 | F97: =Parameters!E5 -> 524 | G97: =Parameters!F5 -> 150 | H97: =H96+D97 -> 18046 | I97: =MAX(H97,I96)+E97 -> 48135 | J97: =MAX(I97,J96)+F97 -> 48699 | K97: =MAX(J97,K96)+G97 -> 48849
A98: 95 | B98: 6 | C98: Type B | D98: =Parameters!C5 -> 225 | E98: =Parameters!D5 -> 599 | F98: =Parameters!E5 -> 524 | G98: =Parameters!F5 -> 150 | H98: =H97+D98 -> 18271 | I98: =MAX(H98,I97)+E98 -> 48734 | J98: =MAX(I98,J97)+F98 -> 49258 | K98: =MAX(J98,K97)+G98 -> 49408
A99: 96 | B99: 6 | C99: Type C | D99: =Parameters!C6 -> 353 | E99: =Parameters!D6 -> 941 | F99: =Parameters!E6 -> 823 | G99: =Parameters!F6 -> 235 | H99: =H98+D99 -> 18624 | I99: =MAX(H99,I98)+E99 -> 49675 | J99: =MAX(I99,J98)+F99 -> 50498 | K99: =MAX(J99,K98)+G99 -> 50733
A100: 97 | B100: 6 | C100: Type C | D100: =Parameters!C6 -> 353 | E100: =Parameters!D6 -> 941 | F100: =Parameters!E6 -> 823 | G100: =Parameters!F6 -> 235 | H100: =H99+D100 -> 18977 | I100: =MAX(H100,I99)+E100 -> 50616 | J100: =MAX(I100,J99)+F100 -> 51439 | K100: =MAX(J100,K99)+G100 -> 51674
A101: 98 | B101: 6 | C101: Type C | D101: =Parameters!C6 -> 353 | E101: =Parameters!D6 -> 941 | F101: =Parameters!E6 -> 823 | G101: =Parameters!F6 -> 235 | H101: =H100+D101 -> 19330 | I101: =MAX(H101,I100)+E101 -> 51557 | J101: =MAX(I101,J100)+F101 -> 52380 | K101: =MAX(J101,K100)+G101 -> 52615
...
